,Support,Precedent,Antecedent,Confidence,Lift
0,0.00730842,Apple Honeycrisp Organic,Bag of Organic Bananas,0.27934742,2.35932325
1,0.00255769,Frozen Organic Wild Blueberries,Bag of Organic Bananas,0.27545469,2.32644592
2,0.00331361,Organic Bartlett Pear,Bag of Organic Bananas,0.28555973,2.41179148
3,0.00303952,Organic Broccoli,Bag of Organic Bananas,0.25109882,2.12074015
4,0.00293551,Organic Carrot Bunch,Bag of Organic Bananas,0.26060075,2.20099195
5,0.00683795,Organic Cucumber,Bag of Organic Bananas,0.26828582,2.26589877
6,0.00464761,Organic D'Anjou Pears,Bag of Organic Bananas,0.30510969,2.57690725
7,0.00593049,Organic Gala Apples,Bag of Organic Bananas,0.26142697,2.20797006
8,0.0194154,Organic Hass Avocado,Bag of Organic Bananas,0.29317699,2.47612557
9,0.0045131,Organic Kiwi,Bag of Organic Bananas,0.28944695,2.44462225
10,0.00729527,Organic Large Extra Fancy Fuji Apple,Bag of Organic Bananas,0.31176313,2.63310112
11,0.00703224,Organic Lemon,Bag of Organic Bananas,0.25700771,2.17064571
12,0.00441925,Organic Navel Orange,Bag of Organic Bananas,0.32979412,2.78538794
13,0.0126722,Organic Raspberries,Bag of Organic Bananas,0.2964465,2.50373936
14,0.00227643,Organic Roasted Turkey Breast,Bag of Organic Bananas,0.25730599,2.17316491
15,0.0026366,Organic Whole Strawberries,Bag of Organic Bananas,0.26922842,2.27385985
16,0.0042423,Bartlett Pears,Banana,0.38651961,2.62397431
17,0.00442762,Broccoli Crown,Banana,0.3284042,2.22944496
18,0.00385732,"Clementines, Bag",Banana,0.31157951,2.11522676
19,0.0098434,Cucumber Kirby,Banana,0.32925744,2.23523735
20,0.00273883,Gala Apples,Banana,0.364682,2.47572487
21,0.00372311,Granny Smith Apples,Banana,0.33045047,2.24333649
22,0.00888841,Honeycrisp Apple,Banana,0.35580363,2.41545206
23,0.00273106,No Salt Added Black Beans,Banana,0.31235471,2.12048941
24,0.01667149,Organic Avocado,Banana,0.30185085,2.04918161
25,0.01054672,Organic Fuji Apple,Banana,0.37859848,2.57019999
26,0.00249074,Red Raspberries,Banana,0.29975898,2.03498052
27,0.00771911,Seedless Red Grapes,Banana,0.29690051,2.01557512
28,0.00226627,Creamy Peanut Butter,Bread,0.35969448,2.13168704
29,0.0031283,Organic Roasted Turkey Breast,Bread,0.35359303,2.09552748
30,0.00234189,Oven Roasted Turkey Breast,Bread,0.37265161,2.2084759
31,0.00391082,Bunched Cilantro,Limes,0.27494326,6.25257592
32,0.00227852,Honey Nut Cheerios,Cereal,0.27179377,3.43208681
33,0.00259924,Lightly Salted Baked Snap Pea Crisps,Chips,0.33417877,2.50189762
34,0.00357874,Jalapeno Peppers,Limes,0.26847097,6.10538743
35,0.00265872,Sparkling Lemon Water,Lime Sparkling Water,0.25915567,17.81370955
36,0.00413171,Lime Sparkling Water,Sparkling Water Grapefruit,0.28400312,11.95528577
37,0.00556972,Organic Cilantro,Limes,0.25428146,5.78269911
38,0.00225401,Yellow Bell Pepper,Orange Bell Pepper,0.28239215,22.94074348
39,0.00258519,Organic AppleApple,Yogurt,0.51411758,2.09313977
40,0.00223249,Organic Yellow Peaches,Organic Strawberries,0.33869944,4.09994063
41,0.00286467,Sparkling Lemon Water,Sparkling Water Grapefruit,0.27922967,11.75434439
42,0.00220409,Bread,Bag of Organic Bananas,0.33325801,2.81464343
43,0.00313368,Cheese,Bag of Organic Bananas,0.30655867,2.58914512
44,0.00421899,Milk,Bag of Organic Bananas,0.31516545,2.66183661
45,0.0031549,Yogurt,Bag of Organic Bananas,0.30811221,2.60226606
46,0.0050574,Cheese,Yogurt,0.49475131,2.01429339
47,0.00391201,Cereal,Bread,0.35246277,2.08882914
48,0.00471337,Bag of Organic Bananas,Bread,0.34841689,2.06485171
49,0.004242,Bread,Bag of Organic Bananas,0.26946665,2.27587188
50,0.00589911,Bread,Bag of Organic Bananas,0.35286335,2.98022697
51,0.0022842,Bread,Bag of Organic Bananas,0.37307167,3.15090315
52,0.00391889,Bread,Bag of Organic Bananas,0.35917596,3.03354224
53,0.00582737,Bread,Bag of Organic Bananas,0.28600769,2.41557482
54,0.00235534,Organic Yellow Onion,Bag of Organic Bananas,0.28723482,2.42593897
55,0.00217002,Cereal,Bag of Organic Bananas,0.26376022,2.22767628
56,0.00303863,Cheese,Bag of Organic Bananas,0.30243351,2.55430467
57,0.00249134,Cheese,Bag of Organic Bananas,0.27699312,2.33943925
58,0.00821081,Cheese,Bag of Organic Bananas,0.32154228,2.71569426
59,0.00314264,Cheese,Bag of Organic Bananas,0.34247557,2.89249345
60,0.00281714,Cheese,Bag of Organic Bananas,0.29552866,2.49598741
61,0.00565072,Cheese,Bag of Organic Bananas,0.32637031,2.75647099
62,0.00851838,Cheese,Bag of Organic Bananas,0.2562998,2.1646668
63,0.00378289,Organic Hass Avocado,Bag of Organic Bananas,0.32613513,2.75448476
64,0.00243694,Organic Raspberries,Bag of Organic Bananas,0.33411196,2.82185574
65,0.00358472,Organic Strawberries,Bag of Organic Bananas,0.26110905,2.20528498
66,0.00273644,Organic Hass Avocado,Bag of Organic Bananas,0.34962765,2.95289876
67,0.00297078,Organic Strawberries,Bag of Organic Bananas,0.27782747,2.34648604
68,0.00345679,Eggs,Bag of Organic Bananas,0.25219705,2.13001561
69,0.00469065,Organic Hass Avocado,Bag of Organic Bananas,0.3373968,2.84959899
70,0.00326071,Bag of Organic Bananas,Eggs,0.25731201,2.02169682
71,0.00431493,Organic Strawberries,Bag of Organic Bananas,0.29248131,2.47024999
72,0.00392576,Organic Cucumber,Bag of Organic Bananas,0.31231274,2.63774306
73,0.00283358,Organic D'Anjou Pears,Bag of Organic Bananas,0.33725853,2.84843117
74,0.00345499,Organic Gala Apples,Bag of Organic Bananas,0.28624848,2.41760854
75,0.00227404,Organic Garnet Sweet Potato (Yam),Bag of Organic Bananas,0.28009719,2.36565575
76,0.00243126,Milk,Bag of Organic Bananas,0.27938449,2.35963635
77,0.01106232,Organic Hass Avocado,Bag of Organic Bananas,0.33920208,2.86484611
78,0.00264617,Organic Kiwi,Bag of Organic Bananas,0.31669886,2.67478754
79,0.00426502,Milk,Bag of Organic Bananas,0.34702563,2.93092256
80,0.00387794,Milk,Bag of Organic Bananas,0.30784197,2.59998369
81,0.00240555,Organic Navel Orange,Bag of Organic Bananas,0.36897121,3.11627135
82,0.00756996,Organic Raspberries,Bag of Organic Bananas,0.3353682,2.83246571
83,0.00235444,Organic Red Bell Pepper,Bag of Organic Bananas,0.26930835,2.27453493
84,0.00268981,Milk,Bag of Organic Bananas,0.27289544,2.30483089
85,0.01132476,Organic Strawberries,Bag of Organic Bananas,0.26463829,2.23509237
86,0.00269489,Milk,Bag of Organic Bananas,0.27769735,2.34538709
87,0.00444167,Organic Yellow Onion,Bag of Organic Bananas,0.26326046,2.22345542
88,0.00404263,Milk,Bag of Organic Bananas,0.26172185,2.21046055
89,0.0038062,Organic Hass Avocado,Bag of Organic Bananas,0.35122462,2.96638656
90,0.00346605,Organic Strawberries,Bag of Organic Bananas,0.29056103,2.45403159
91,0.00279323,Yogurt,Bag of Organic Bananas,0.31744684,2.68110481
92,0.00248476,Organic Gala Apples,Bag of Organic Bananas,0.27665735,2.33660336
93,0.00249313,Bag of Organic Bananas,Organic Hass Avocado,0.35452884,5.35346564
94,0.00357725,Bag of Organic Bananas,Organic Hass Avocado,0.28229078,4.26265464
95,0.00472861,Organic Hass Avocado,Bag of Organic Bananas,0.37258596,3.14680098
96,0.00221515,Organic Yellow Onion,Organic Hass Avocado,0.28886031,4.36185593
97,0.00794389,Organic Hass Avocado,Bag of Organic Bananas,0.33781602,2.85313967
98,0.00310678,Yogurt,Bag of Organic Bananas,0.34812607,2.94021665
99,0.00275467,Yogurt,Bag of Organic Bananas,0.31089971,2.6258088
100,0.00366602,Bag of Organic Bananas,Organic Strawberries,0.28929616,3.50191629
101,0.00575354,Yogurt,Bag of Organic Bananas,0.32914964,2.77994478
102,0.00842721,Yogurt,Bag of Organic Bananas,0.26141379,2.20785872
103,0.00309871,Organic Yellow Onion,Bag of Organic Bananas,0.27311046,2.30664693
104,0.00289276,Yogurt,Bag of Organic Bananas,0.26146157,2.20826227
105,0.00224146,Bartlett Pears,Banana,0.42873478,2.91056137
106,0.00223877,Cheese,Banana,0.33863821,2.29892081
107,0.00278157,Blueberries,Banana,0.34717403,2.35686813
108,0.00233711,Blueberries,Banana,0.36662447,2.48891172
109,0.00602763,Cereal,Bread,0.3396665,2.01299354
110,0.00243933,Bread,Banana,0.3805904,2.58372258
111,0.00326818,Bread,Banana,0.32856542,2.2305394
112,0.00387914,Bread,Banana,0.33952491,2.30494032
113,0.00274092,Bread,Banana,0.41075028,2.78846961
114,0.0038077,Bread,Banana,0.37773165,2.56431532
115,0.00248805,Broccoli Crown,Banana,0.38396605,2.60663891
116,0.00252362,Chicken Nuggets,Cheese,0.607279,2.03977243
117,0.00440849,Cheese,Banana,0.36416385,2.47220726
118,0.00382922,Cheese,Banana,0.38433384,2.60913576
119,0.005712,Cheese,Banana,0.30759573,2.08818202
120,0.00727764,Cheese,Banana,0.33746829,2.29097856
121,0.00429819,Cheese,Banana,0.40668571,2.76087637
122,0.0036977,Cheese,Banana,0.34372482,2.33345237
123,0.00618067,Cheese,Banana,0.3631542,2.46535302
124,0.00292056,Cheese,Banana,0.32426244,2.20132765
125,0.00300724,Chicken Breasts,Banana,0.30150739,2.04684994
126,0.00252332,Yogurt,Banana,0.32822706,2.22824239
127,0.00237716,Chips,Banana,0.30283299,2.0558491
128,0.00289336,Organic Avocado,Banana,0.31796085,2.15854791
129,0.0025009,Strawberries,Banana,0.34062042,2.31237746
130,0.00518832,Milk,Banana,0.38275634,2.59842652
131,0.00429401,Yogurt,Banana,0.399744,2.71375106
132,0.0025571,Eggs,Banana,0.29607198,2.0099505
133,0.00337997,Organic Avocado,Banana,0.32922817,2.23503865
134,0.00269878,Strawberries,Banana,0.38053694,2.58335964
135,0.00462639,Honeycrisp Apple,Banana,0.38687263,2.62637084
136,0.0040785,Yogurt,Banana,0.40995674,2.78308246
137,0.00677459,Milk,Banana,0.31576528,2.14364279
138,0.00266769,Organic Avocado,Banana,0.3453012,2.34415395
139,0.00228121,Organic Baby Spinach,Banana,0.31647039,2.14842963
140,0.00555716,Yogurt,Banana,0.34364083,2.33288221
141,0.00228629,Organic Avocado,Banana,0.33069607,2.24500378
142,0.00917506,Organic Avocado,Banana,0.35384846,2.40217895
143,0.00561366,Organic Fuji Apple,Banana,0.41084593,2.78911895
144,0.00255231,Red Peppers,Banana,0.32142588,2.18207108
145,0.00256009,Milk,Banana,0.33210547,2.25457181
146,0.00425396,Milk,Banana,0.34202495,2.3219124
147,0.00256576,Milk,Banana,0.34214197,2.32270687
148,0.0069345,Strawberries,Banana,0.3510524,2.38319728
149,0.0034526,Milk,Banana,0.34315677,2.32959603
150,0.0033734,Organic Avocado,Banana,0.34840861,2.3652493
151,0.0027194,Organic Avocado,Banana,0.36180705,2.45620759
152,0.00725642,Organic Avocado,Banana,0.36761611,2.49564368
153,0.00260881,Organic Baby Carrots,Yogurt,0.49777575,2.02660688
154,0.00294955,Banana,Yogurt,0.49409173,2.01160803
155,0.00445601,Organic Fuji Apple,Banana,0.42711437,2.89956088
156,0.00218018,Yogurt,Banana,0.31100499,2.11132652
157,0.00282282,Original Hummus,Yogurt,0.4994183,2.03329422
158,0.00343616,Yogurt,Banana,0.36533511,2.48015865
159,0.0060375,Strawberries,Banana,0.39022835,2.64915195
160,0.00280997,Yogurt,Banana,0.37887398,2.57207024
161,0.01305928,Cereal,Bread,0.36824672,2.18237085
162,0.00596188,Cereal,Bread,0.35824488,2.12309612
163,0.00539725,Cereal,Bread,0.37828382,2.24185457
164,0.00538679,Cereal,Bread,0.39786299,2.35788822
165,0.00246922,Cereal,Bread,0.34736355,2.05860923
166,0.00218228,Cereal,Bread,0.37305196,2.21084858
167,0.00297018,Cereal,Bread,0.36101726,2.1395263
168,0.00319405,Bread,Cheese,0.63873282,2.14542176
169,0.01531478,Bread,Cheese,0.61839358,2.07710487
170,0.01836028,Cheese,Bread,0.34876564,2.06691855
171,0.00343706,Cheese,Bread,0.34208961,2.0273538
172,0.0032362,Cheese,Bread,0.35267101,2.09006325
173,0.00257055,Cheese,Bread,0.34037837,2.01721239
174,0.0025278,Cheese,Bread,0.33883569,2.00806986
175,0.00266082,Cheese,Bread,0.33777272,2.00177028
176,0.00256248,Bread,Cheese,0.6135404,2.06080366
177,0.00723699,Bread,Chips,0.29222135,2.18777482
178,0.00749434,Eggs,Bread,0.3567333,2.11413794
179,0.00370159,Bread,Chips,0.27663852,2.07111078
180,0.00249283,Organic Raspberries,Bread,0.34177526,2.0254909
181,0.00581362,Eggs,Bread,0.3900375,2.31151136
182,0.00278396,Organic Hass Avocado,Bread,0.35569983,2.10801319
183,0.00378947,Organic Strawberries,Bread,0.35439146,2.10025928
184,0.00309781,Eggs,Bread,0.33997048,2.01479504
185,0.00239689,Bread,Eggs,0.26220449,2.06013699
186,0.00452626,Bread,Eggs,0.27074431,2.12723421
187,0.00324636,Bread,Eggs,0.29753719,2.33774548
188,0.00501645,Organic Strawberries,Bread,0.34003282,2.01516452
189,0.00222621,Organic Yellow Onion,Eggs,0.27148793,2.13307686
190,0.00244979,Strawberries,Bread,0.34542926,2.04714586
191,0.00256098,Uncured Genoa Salami,Bread,0.38285893,2.26896841
192,0.00321767,Bread,Organic Strawberries,0.29490727,3.56983849
193,0.00857606,Cereal,Cheese,0.60108099,2.0189541
194,0.02201136,Cereal,Cheese,0.2779493,2.01842968
195,0.00435469,Cereal,Crackers,0.26166999,2.87223752
196,0.00249134,Cereal,Yogurt,0.49278704,2.00629622
197,0.00291638,Cereal,Yogurt,0.49854376,2.02973371
198,0.00233173,Cereal,Yogurt,0.52457804,2.1357277
199,0.00432091,Cereal,Yogurt,0.52519528,2.13824069
200,0.00251047,Cereal,Yogurt,0.49816133,2.02817669
201,0.00242259,Chicken Nuggets,Cheese,0.636685,2.13854339
202,0.00239718,Cheese,Crackers,0.25500795,2.7991112
203,0.005547,Chicken Nuggets,Cheese,0.3151085,2.28827468
204,0.00449876,Chicken Nuggets,Cheese,0.25556084,2.49130098
205,0.0128357,Cheese,Chips,0.28561642,2.13832566
206,0.00663291,Cheese,Chips,0.26757744,2.00327316
207,0.00268293,Cheese,Chips,0.28282446,2.1174231
208,0.00251884,Cheese,Yogurt,0.4950943,2.0156898
209,0.0090271,Eggs,Cheese,0.60563098,2.03423692
210,0.00460696,Ice Cream,Cheese,0.61279421,2.05829731
211,0.00235893,Seedless Red Grapes,Cheese,0.60456565,2.03065862
212,0.0024746,Cheese,Eggs,0.25959488,2.03963332
213,0.00464044,Cheese,Eggs,0.26801899,2.10582141
214,0.00306702,Cheese,Eggs,0.25985767,2.04169807
215,0.00230901,Cheese,Eggs,0.25636346,2.01424404
216,0.00400706,Grated Parmesan,Cheese,0.28469494,2.06741557
217,0.00281654,Honey Nut Cheerios,Cheese,0.33597176,2.43978082
218,0.00224026,Lightly Salted Baked Snap Pea Crisps,Cheese,0.28802552,2.09160177
219,0.00278665,Organic Roasted Turkey Breast,Cheese,0.31497686,2.28731871
220,0.00240705,Organic Sour Cream,Cheese,0.2893432,2.10117062
221,0.00335277,Shredded Parmesan,Cheese,0.29676958,2.15509999
222,0.00394041,Uncured Genoa Salami,Cheese,0.30386779,2.20664615
223,0.00252721,Cheese,Yogurt,0.52456881,2.13569011
224,0.00309183,Cheese,Organic Strawberries,0.27889671,3.37603142
225,0.00258579,Cheese,Organic Strawberries,0.257363,3.11536695
226,0.00336981,Cheese,Yogurt,0.52862569,2.15220699
227,0.00446139,Cheese,Yogurt,0.49602871,2.01949412
228,0.00265872,Cheese,Organic Hass Avocado,0.27891007,4.21160515
229,0.00316925,Cheese,Yogurt,0.51555966,2.09901096
230,0.0048954,Cheese,Organic Strawberries,0.28274493,3.42261395
231,0.00870818,Cheese,Yogurt,0.50296073,2.0477166
232,0.01633523,Cheese,Yogurt,0.49149235,2.0010251
233,0.00479228,Cheese,Yogurt,0.50518322,2.05676512
234,0.0030461,Uncured Genoa Salami,Cheese,0.61314,2.05945878
235,0.00446408,Chicken Nuggets,Yogurt,0.2535912,2.05701671
236,0.00408358,Eggs,Chips,0.27396876,2.05112305
237,0.00241811,Ice Cream,Chips,0.3216444,2.4080565
238,0.01150589,Milk,Chips,0.26827704,2.00851088
239,0.00218467,Organic Hass Avocado,Chips,0.27912927,2.0897583
240,0.00286975,Organic Strawberries,Chips,0.26837927,2.00927621
241,0.00878649,Yogurt,Chips,0.27147884,2.03248176
242,0.00290681,Organic Raspberries,Yogurt,0.50281785,2.0471349
243,0.00540084,Organic Strawberries,Yogurt,0.50508749,2.05637536
244,0.00587549,Organic Raspberries,Eggs,0.26029901,2.0451656
245,0.00249433,Milk,Eggs,0.25703022,2.01948276
246,0.00224953,Red Peppers,Eggs,0.28329444,2.22584038
247,0.00259835,Milk,Eggs,0.25825139,2.02907751
248,0.00227195,Yogurt,Eggs,0.25641804,2.01467292
249,0.00261987,Eggs,Organic Strawberries,0.27933584,3.3813471
250,0.00282611,Yogurt,Eggs,0.25543699,2.00696478
251,0.00240316,Honey Nut Cheerios,Yogurt,0.28666168,2.32526942
252,0.00265095,Organic Cilantro,Limes,0.26357395,5.99402271
253,0.0031558,Organic Bartlett Pear,Yogurt,0.2719592,2.2060096
254,0.00395625,Milk,Organic Strawberries,0.27380484,3.31439466
255,0.00414695,Organic D'Anjou Pears,Yogurt,0.27224206,2.20830406
256,0.00342451,Milk,Organic Hass Avocado,0.27184719,4.1049541
257,0.00229795,Organic Kiwi,Organic Strawberries,0.27502325,3.32914343
258,0.00397209,Organic Kiwi,Yogurt,0.25474935,2.06641114
259,0.00626945,Organic Raspberries,Organic Strawberries,0.27775203,3.36217514
260,0.01075475,Organic Raspberries,Yogurt,0.25159075,2.04079001
261,0.0022032,Organic Red Bell Pepper,Organic Strawberries,0.25200862,3.05055234
262,0.00237238,Organic Roasted Turkey Breast,Yogurt,0.26815095,2.17511882
263,0.00559782,Original Hummus,Yogurt,0.25173396,2.04195168
264,0.00317761,Yogurt,Organic Strawberries,0.27925609,3.38038169
265,0.00231678,Yogurt,Organic Strawberries,0.26329914,3.18722357
266,0.00245966,Yogurt,Organic Hass Avocado,0.27760348,4.19187534
267,0.00247878,Organic Hass Avocado,Organic Strawberries,0.30845049,3.73377861
268,0.00593976,Organic Hass Avocado,Organic Strawberries,0.25258983,3.05758796
269,0.00502183,Yogurt,Organic Strawberries,0.28728989,3.47763048
270,0.00219035,Bread,Cheese,0.3311791,2.40497719
271,0.00328731,Cheese,Yogurt,0.32158835,2.60857876
272,0.00221187,Cheese,Yogurt,0.27542057,2.23408671
273,0.00231558,Cereal,Bread,0.42713789,2.53138248
274,0.00281804,Cereal,Bread,0.25389815,3.00995487
275,0.00336054,Cheese,Bread,0.3864105,2.29001639
276,0.00300694,Bread,Cheese,0.63796056,2.14282783
277,0.00380501,Cheese,Eggs,0.28512554,2.24022733
278,0.0088654,Bread,Cheese,0.31934709,2.31905476
279,0.00310588,Cheese,Bread,0.3782672,2.24175606
280,0.00219662,Cheese,Bread,0.38873314,2.30378122
281,0.00319914,Cheese,Bread,0.37555704,2.2256946
282,0.00671122,Cheese,Yogurt,0.50290053,2.04747153
283,0.00372102,Milk,Bread,0.36220541,2.14656776
284,0.00272418,Yogurt,Bread,0.36883853,2.18587814
285,0.00321498,Bag of Organic Bananas,Bread,0.39783992,2.35775147
286,0.00244112,Bread,Yogurt,0.5179149,2.10859989
287,0.00475103,Bread,Eggs,0.28213639,2.21674163
288,0.00343706,Bread,Eggs,0.28906486,2.27117849
289,0.00275676,Bread,Bag of Organic Bananas,0.29635937,2.50300348
290,0.00386001,Organic Hass Avocado,Bread,0.34893272,2.06790872
291,0.0026928,Bag of Organic Bananas,Bread,0.35572139,2.10814099
292,0.0039443,Organic Strawberries,Bread,0.3482897,2.06409791
293,0.00813817,Bread,Yogurt,0.29315116,2.37790915
294,0.0028542,Organic Hass Avocado,Bread,0.35929563,2.12932329
295,0.00299947,Bread,Yogurt,0.51472097,2.09559637
296,0.00385881,Cereal,Cheese,0.34766919,2.52472593
297,0.002937,Cereal,Cheese,0.26461638,2.57957772
298,0.00371922,Cereal,Yogurt,0.33509277,2.71812052
299,0.00546002,Bag of Organic Bananas,Cheese,0.29643153,2.15264506
300,0.00478899,Bag of Organic Bananas,Cheese,0.35400694,2.57074979
301,0.00385313,Bag of Organic Bananas,Cheese,0.28482733,2.77660147
302,0.00632654,Bag of Organic Bananas,Cheese,0.30022269,2.18017598
303,0.00229646,Cheese,Eggs,0.27968693,2.19749626
304,0.00223279,Cheese,Eggs,0.26211446,2.0594296
305,0.0047591,Cheese,Yogurt,0.50099116,2.03969785
306,0.00394848,Cheese,Bag of Organic Bananas,0.26162042,2.20960391
307,0.00534853,Organic Hass Avocado,Cheese,0.27547879,2.00048913
308,0.00382743,Bag of Organic Bananas,Cheese,0.30203321,2.19332372
309,0.00567134,Organic Strawberries,Cheese,0.29238,2.12322342
310,0.01212013,Cheese,Yogurt,0.29699265,2.40906957
311,0.00298961,Cheese,Yogurt,0.49154708,2.00124794
312,0.00240645,Cheese,Organic Strawberries,0.29308336,3.54776022
313,0.00419418,Cheese,Yogurt,0.51081179,2.07968085
314,0.00306343,Cheese,Yogurt,0.54213171,2.20719441
315,0.00454001,Cheese,Yogurt,0.53296607,2.16987811
316,0.00224475,Bag of Organic Bananas,Chips,0.27777778,2.07964006
317,0.00235773,Organic Hass Avocado,Bag of Organic Bananas,0.36483049,3.0812995
318,0.00231708,Organic Strawberries,Bag of Organic Bananas,0.28732394,2.42669171
319,0.00474714,Bag of Organic Bananas,Yogurt,0.25772845,2.09057619
320,0.00412364,Bag of Organic Bananas,Yogurt,0.30482335,2.47258868
321,0.00217959,Eggs,Bag of Organic Bananas,0.2835699,2.39498567
322,0.00300425,Organic Hass Avocado,Eggs,0.27157525,2.13376289
323,0.00219632,Bag of Organic Bananas,Eggs,0.29013662,2.2795993
324,0.00290831,Organic Strawberries,Eggs,0.25680954,2.01774895
325,0.0060085,Bag of Organic Bananas,Yogurt,0.28513071,2.3128509
326,0.00218945,Organic Hass Avocado,Eggs,0.27561425,2.16549728
327,0.00236819,Bag of Organic Bananas,Organic Hass Avocado,0.27179171,4.10411621
328,0.00387256,Yogurt,Bag of Organic Bananas,0.26421944,2.23155475
329,0.00228599,Organic Hass Avocado,Bag of Organic Bananas,0.28446031,4.90679632
330,0.00303564,Organic Hass Avocado,Organic Strawberries,0.27441232,3.32174813
331,0.00518354,Organic Hass Avocado,Yogurt,0.26698073,2.16562648
332,0.00235056,Bag of Organic Bananas,Organic Strawberries,0.31051094,3.75872017
333,0.00385044,Bag of Organic Bananas,Yogurt,0.30384942,2.4646886
334,0.00564145,Organic Strawberries,Yogurt,0.29083905,2.35915437
335,0.00236341,Organic Hass Avocado,Yogurt,0.49981037,2.03489046
336,0.00371295,Cereal,Cheese,0.61598731,2.0690225
337,0.00396701,Cereal,Bread,0.35981131,2.1323794
338,0.00314683,Cereal,Yogurt,0.52206685,2.12550382
339,0.00447245,Bread,Cheese,0.60542181,2.03353435
340,0.00396343,Bread,Cheese,0.66296685,2.22682078
341,0.00476478,Cheese,Eggs,0.26893294,2.1130023
342,0.01067166,Bread,Cheese,0.30901789,2.24404551
343,0.00278217,Cheese,Bread,0.33911396,2.009719
344,0.00224355,Cheese,Bread,0.36299449,2.15124412
345,0.00868965,Bread,Cheese,0.25162502,2.45293318
346,0.00443449,Milk,Bread,0.34279905,2.03155823
347,0.00350401,Yogurt,Bread,0.34054729,2.01821347
348,0.00364958,Banana,Bread,0.35959358,2.13108905
349,0.00303743,Bread,Yogurt,0.5080746,2.06853683
350,0.00532761,Bread,Eggs,0.27095146,2.1288618
351,0.00390992,Bread,Eggs,0.2595488,2.03927125
352,0.00243754,Bread,Banana,0.3801156,2.58049925
353,0.0022289,Bread,Banana,0.39743111,2.69804949
354,0.00936277,Bread,Yogurt,0.27111661,2.19917492
355,0.00260851,Bread,Yogurt,0.53539877,2.17978243
356,0.00251465,Cereal,Chips,0.27416411,2.05258563
357,0.00247281,Cereal,Crackers,0.26960177,2.95930125
358,0.00601538,Cereal,Cheese,0.33897591,2.46159656
359,0.00498597,Cereal,Cheese,0.28096682,2.73896781
360,0.00563338,Cereal,Yogurt,0.31744989,2.57500945
361,0.00307629,Cheese,Crackers,0.25311724,2.77835768
362,0.00710547,Chips,Cheese,0.2953814,2.14501921
363,0.00235355,Banana,Cheese,0.64345836,2.16129427
364,0.00624583,Banana,Cheese,0.34417103,2.49932279
365,0.00544388,Banana,Cheese,0.29998024,2.92431759
366,0.00259745,Cheese,Banana,0.41044776,2.7864159
367,0.00225521,Cheese,Yogurt,0.51156011,2.08272747
368,0.00744771,Eggs,Cheese,0.28983703,2.10475676
369,0.0022833,Cheese,Banana,0.40992756,2.78288436
370,0.00299827,Ice Cream,Cheese,0.30122219,2.18743417
371,0.00329329,Cheese,Banana,0.34373245,2.33350418
372,0.00292176,Cheese,Yogurt,0.5115123,2.08253283
373,0.00447305,Cheese,Banana,0.38133218,2.58875829
374,0.00258788,Cheese,Banana,0.43089633,2.92523557
375,0.00275676,Organic Hass Avocado,Cheese,0.28594903,2.07652261
376,0.0022582,Organic Raspberries,Cheese,0.31667854,2.29967611
377,0.0054113,Organic Strawberries,Cheese,0.30950183,2.2475598
378,0.00226358,Seedless Red Grapes,Cheese,0.29324298,2.12949028
379,0.00361491,Strawberries,Cheese,0.27931361,2.0283371
380,0.01593889,Cheese,Yogurt,0.27759702,2.25174107
381,0.00371803,Cheese,Yogurt,0.51088385,2.07997422
382,0.00332946,Cheese,Yogurt,0.50981738,2.07563228
383,0.00231618,Cheese,Yogurt,0.52966507,2.15643867
384,0.00453283,Organic Strawberries,Cheese,0.25925736,2.52733603
385,0.0032637,Strawberries,Cheese,0.25217672,2.4583114
386,0.00278695,Banana,Chips,0.27459873,2.0558395
387,0.00239868,Banana,Yogurt,0.50109273,2.04011136
388,0.0061188,Chips,Yogurt,0.25436449,2.06328933
389,0.00526185,Banana,Yogurt,0.2899496,2.35193957
390,0.00254395,Cucumber Kirby,Yogurt,0.25844164,2.09636128
391,0.00674709,Eggs,Yogurt,0.26257139,2.12985997
392,0.00237387,Honeycrisp Apple,Yogurt,0.26707469,2.16638867
393,0.0025296,Ice Cream,Yogurt,0.25413651,2.06144006
394,0.00327655,Banana,Yogurt,0.2539734,2.06011698
395,0.00250957,Banana,Yogurt,0.25283064,2.05084744
396,0.00450294,Organic Avocado,Yogurt,0.27009825,2.19091443
397,0.00426801,Organic Baby Spinach,Yogurt,0.26656337,2.16224108
398,0.00267068,Organic Fuji Apple,Yogurt,0.25322375,2.05403614
399,0.00268383,Organic Hass Avocado,Yogurt,0.27838408,2.25812529
400,0.00232156,Organic Raspberries,Yogurt,0.32556482,2.6408341
401,0.00544269,Organic Strawberries,Yogurt,0.31129689,2.52509906
402,0.00354825,Strawberries,Yogurt,0.27416338,2.22388888
403,0.00393832,Cereal,Chips,0.30157241,2.25778341
404,0.00373297,Cereal,Cheese,0.26163741,3.40951558
405,0.00343049,Cereal,Cheese,0.25337219,3.30180777
406,0.00871595,Cereal,Cheese,0.38251653,2.77778253
407,0.00649661,Cereal,Cheese,0.28511649,2.7794203
408,0.00395535,Cereal,Chips,0.2731664,2.04511605
409,0.00286377,Cereal,Chips,0.28149606,2.10747776
410,0.00359099,Cereal,Bread,0.25168643,2.98373499
411,0.00276005,Cereal,Yogurt,0.51138063,2.08199676
412,0.00376496,Cereal,Bread,0.27807581,3.29658031
413,0.00265304,Cereal,Yogurt,0.49250916,2.00516486
414,0.00217151,Cereal,Bread,0.26394187,3.12902288
415,0.00692583,Cereal,Yogurt,0.30395372,2.46553464
416,0.0049504,Cheese,Crackers,0.2679415,2.94107716
417,0.00469274,Bread,Cheese,0.62617158,2.10323017
418,0.00241213,Cheese,Chips,0.31835575,2.38343536
419,0.01083306,Bread,Cheese,0.3310256,2.40386248
420,0.00225252,Cheese,Chips,0.26723404,2.00070223
421,0.00274331,Bread,Cheese,0.61502379,2.06578617
422,0.00814953,Bread,Cheese,0.63776286,2.1421638
423,0.00396283,Eggs,Cheese,0.26586721,3.46463602
424,0.00928266,Bread,Cheese,0.37482349,2.72191672
425,0.00253079,Bread,Cheese,0.66784982,2.24322204
426,0.0073141,Bread,Cheese,0.29533522,2.87903631
427,0.00220888,Bread,Cheese,0.31271158,2.27086855
428,0.01155282,Bread,Cheese,0.32911834,2.39001224
429,0.0024734,Cheese,Eggs,0.29343972,2.3055517
430,0.00286915,Cheese,Eggs,0.26759778,2.10251198
431,0.00839612,Cheese,Eggs,0.2662105,2.09161216
432,0.00455824,Bread,Cheese,0.34066032,2.47382851
433,0.00325981,Bread,Cheese,0.63480792,2.13223852
434,0.00298692,Bread,Cheese,0.30028848,2.18065372
435,0.00286287,Bread,Cheese,0.31318053,2.27427399
436,0.00351388,Bread,Cheese,0.30755546,2.23342556
437,0.00486401,Bread,Cheese,0.30897906,2.2437635
438,0.00224385,Bread,Cheese,0.34514943,2.50642775
439,0.00219752,Bread,Cheese,0.32931691,2.3914542
440,0.00226866,Bread,Cheese,0.30518697,2.2162259
441,0.00548094,Bread,Cheese,0.32785039,2.38080451
442,0.00222532,Bread,Cheese,0.3634544,2.63935599
443,0.00401424,Bread,Cheese,0.36791497,2.67174798
444,0.00723998,Bread,Cheese,0.35533844,2.58041897
445,0.00264647,Organic Yellow Onion,Cheese,0.32273821,2.34368057
446,0.0022292,Bread,Cheese,0.30947342,2.24735351
447,0.00321558,Bread,Cheese,0.31899185,2.316475
448,0.01988946,Cheese,Yogurt,0.25918857,2.10242006
449,0.00373686,Cheese,Yogurt,0.49924127,2.03257351
450,0.00239479,Cheese,Organic Strawberries,0.28411348,3.43918014
451,0.00432599,Bread,Cheese,0.25876526,2.5225389
452,0.00321468,Bread,Cheese,0.29463332,2.87219387
453,0.00582349,Bread,Cheese,0.28581698,2.78624893
454,0.00278456,Bread,Cheese,0.27623425,2.69283297
455,0.00436335,Bread,Chips,0.30740398,2.30144264
456,0.00335666,Bread,Crackers,0.26268391,2.88336692
457,0.00472174,Bread,Eggs,0.26401818,2.07438713
458,0.00327834,Bread,Eggs,0.2565554,2.01575216
459,0.00224176,Bread,Chips,0.29654818,2.2201685
460,0.00242319,Organic Hass Avocado,Bread,0.37495953,2.22215354
461,0.00299917,Organic Strawberries,Bread,0.37190511,2.20405191
462,0.00803087,Yogurt,Bread,0.35321493,2.09328672
463,0.00232933,Bread,Yogurt,0.52221403,2.12610307
464,0.00382802,Eggs,Bread,0.25682315,3.04463066
465,0.002827,Bread,Eggs,0.26200172,2.05854379
466,0.00260701,Organic Strawberries,Bread,0.39444645,2.33764051
467,0.00694227,Bread,Yogurt,0.28032104,2.27383708
468,0.00254424,Bread,Eggs,0.27351306,2.14898826
469,0.00295942,Bread,Eggs,0.29763122,2.33848424
470,0.00229496,Bread,Eggs,0.32732233,2.57176695
471,0.00348668,Bread,Eggs,0.27296127,2.14465286
472,0.00937801,Bread,Yogurt,0.26716225,2.16709891
473,0.00218825,Bread,Eggs,0.29769844,2.33901242
474,0.00263571,Bread,Yogurt,0.52541262,2.13912556
475,0.00255919,Bread,Yogurt,0.2572871,2.08699617
476,0.00238941,Bread,Yogurt,0.26138705,2.12025309
477,0.00309871,Bread,Yogurt,0.27121704,2.19998952
478,0.00445601,Bread,Yogurt,0.2830615,2.29606643
479,0.00276812,Bread,Organic Strawberries,0.27839235,3.36992622
480,0.00494053,Bread,Yogurt,0.29552484,2.39716341
481,0.00222143,Bread,Organic Strawberries,0.31683506,3.83527337
482,0.00379066,Bread,Yogurt,0.3474235,2.81814176
483,0.00672318,Bread,Yogurt,0.32997389,2.67659843
484,0.00229108,Organic Yellow Onion,Yogurt,0.27939783,2.26634838
485,0.00281296,Bread,Yogurt,0.27905115,2.26353628
486,0.00219632,Bread,Yogurt,0.53752743,2.1884489
487,0.00292205,Cereal,Crackers,0.31115921,3.41545912
488,0.00606111,Cereal,Cheese,0.36420784,2.64482736
489,0.00451699,Cereal,Cheese,0.27142267,2.64592795
490,0.00558317,Cereal,Cheese,0.39131437,2.84167122
491,0.00445302,Cereal,Cheese,0.31210458,3.04251015
492,0.00517846,Cereal,Cheese,0.38247566,2.77748575
493,0.00379216,Cereal,Cheese,0.28008477,2.73036932
494,0.00264796,Cereal,Cheese,0.37250862,2.70510647
495,0.00221904,Cereal,Cheese,0.37933677,2.75469159
496,0.00324038,Cereal,Cheese,0.39386013,2.86015818
497,0.01084622,Cereal,Yogurt,0.30584259,2.4808563
498,0.00263511,Cereal,Cheese,0.32029064,3.12231093
499,0.00279592,Cereal,Crackers,0.27654102,3.03547034
500,0.00477673,Cereal,Yogurt,0.28703055,2.32826157
501,0.00448501,Cereal,Yogurt,0.31434617,2.54983346
502,0.00431374,Cereal,Yogurt,0.3186083,2.58440591
503,0.00313158,Cereal,Yogurt,0.38063579,3.08754475
504,0.00295284,Cheese,Yogurt,0.31411765,2.5479798
505,0.00274451,Cheese,Chips,0.30402967,2.2761802
506,0.00727345,Chips,Cheese,0.32839849,2.38478479
507,0.00578911,Chips,Cheese,0.26138005,2.54802875
508,0.00682391,Eggs,Cheese,0.32482037,2.35880097
509,0.00493934,Yogurt,Cheese,0.60984611,2.04839501
510,0.0037787,Ice Cream,Cheese,0.30987573,2.25027499
511,0.00270685,Cheese,Chips,0.29126463,2.18061216
512,0.00229526,Chips,Cheese,0.29239966,2.12336623
513,0.00231558,Chips,Cheese,0.27544889,2.00027202
514,0.00261837,Organic Avocado,Cheese,0.28774143,2.08953875
515,0.00323261,Organic Baby Spinach,Cheese,0.29154087,2.11712976
516,0.00358442,Organic Hass Avocado,Cheese,0.30902438,2.24409262
517,0.00252362,Organic Raspberries,Cheese,0.34599623,2.51257713
518,0.00461353,Organic Strawberries,Cheese,0.33604755,2.44033118
519,0.00221994,Strawberries,Cheese,0.30235304,2.19564626
520,0.0132168,Yogurt,Cheese,0.32069683,2.32885638
521,0.00378379,Organic Strawberries,Cheese,0.27560907,2.68673847
522,0.00572305,Eggs,Cheese,0.38396134,2.78827453
523,0.00439265,Eggs,Cheese,0.29470391,2.87288206
524,0.00271731,Ice Cream,Cheese,0.36144243,2.62474532
525,0.00262824,Organic Baby Spinach,Cheese,0.36414461,2.64436821
526,0.00291279,Organic Hass Avocado,Cheese,0.37215963,2.70257218
527,0.00227434,Organic Raspberries,Cheese,0.39341296,2.8569109
528,0.00419119,Organic Strawberries,Cheese,0.39196064,2.84636438
529,0.01183857,Cheese,Yogurt,0.26342849,2.13681234
530,0.00239061,Organic Hass Avocado,Cheese,0.30544205,2.97756134
531,0.0035351,Organic Strawberries,Cheese,0.33060323,3.22284181
532,0.0032081,Cheese,Yogurt,0.2650058,2.1496068
533,0.00249642,Yogurt,Cheese,0.29320695,2.12922863
534,0.00298124,Eggs,Cheese,0.3271773,2.37591665
535,0.00232156,Eggs,Cheese,0.27881681,2.02472944
536,0.00405758,Organic Hass Avocado,Cheese,0.29186017,2.11944846
537,0.00322125,Eggs,Cheese,0.3434572,2.49413904
538,0.00491154,Organic Strawberries,Cheese,0.33292137,2.41762929
539,0.00220081,Strawberries,Cheese,0.31032157,2.25351268
540,0.01364692,Cheese,Yogurt,0.25923213,2.10277341
541,0.00314743,Cheese,Yogurt,0.4987921,2.03074477
542,0.00253827,Eggs,Cheese,0.27063548,2.6382541
543,0.00387286,Organic Strawberries,Cheese,0.26251596,2.55910202
544,0.0024202,Cheese,Yogurt,0.28868369,2.34167104
545,0.00253886,Cheese,Yogurt,0.30140875,2.444891
546,0.00296031,Cheese,Yogurt,0.29712297,2.4101267
547,0.005628,Yogurt,Cheese,0.31784804,2.30816884
548,0.00468706,Cheese,Yogurt,0.25240234,2.04737321
549,0.00412812,Yogurt,Cheese,0.29330813,2.1299634
550,0.00236371,Organic Avocado,Cheese,0.31448342,2.28373541
551,0.00589731,Cheese,Yogurt,0.27346186,2.21819854
552,0.00230004,Cheese,Yogurt,0.25862938,2.09788418
553,0.00305178,Cheese,Yogurt,0.31592302,2.56262413
554,0.00358173,Organic Strawberries,Cheese,0.30025809,2.18043302
555,0.00748418,Cheese,Yogurt,0.28362841,2.30066498
556,0.00220738,Cheese,Yogurt,0.30741373,2.49360066
557,0.00345918,Cheese,Yogurt,0.31203322,2.53107185
558,0.00298811,Cheese,Yogurt,0.29740584,2.41242123
559,0.0023126,Cheese,Yogurt,0.36277958,2.94270328
560,0.00304849,Cheese,Yogurt,0.28844142,2.33970586
561,0.00296719,Cheese,Yogurt,0.32989931,2.67599345
562,0.0032374,Cheese,Yogurt,0.26744531,2.16939495
563,0.00328283,Cheese,Yogurt,0.29387526,2.38378272
564,0.00274032,Cheese,Yogurt,0.29811726,2.4181919
565,0.00249493,Organic Hass Avocado,Cheese,0.31045897,2.25451046
566,0.00411945,Organic Hass Avocado,Cheese,0.32458785,2.3571124
567,0.00762675,Cheese,Yogurt,0.29867029,2.42267783
568,0.00305297,Cheese,Yogurt,0.33270358,2.69874048
569,0.00263959,Cheese,Yogurt,0.2769033,2.2461139
570,0.0024205,Cheese,Yogurt,0.32050978,2.59982985
571,0.00325533,Organic Strawberries,Cheese,0.30572086,2.22010294
572,0.00588775,Cheese,Yogurt,0.34006042,2.75841583
573,0.01091556,Cheese,Yogurt,0.32842599,2.66404262
574,0.0035357,Cheese,Yogurt,0.2703586,2.1930263
575,0.00330973,Cheese,Yogurt,0.2804214,2.27465117
576,0.00313517,Cheese,Yogurt,0.33049753,2.68084595
577,0.00316835,Cheese,Yogurt,0.29451807,2.38899696
578,0.00237387,Cheese,Yogurt,0.26997077,2.18988034
579,0.00467929,Cheese,Yogurt,0.27493853,2.2301766
580,0.00226627,Cheese,Yogurt,0.49487631,2.01480233
581,0.00289007,Cheese,Yogurt,0.53214089,2.16651854
582,0.00342959,Organic Hass Avocado,Cheese,0.27023081,2.63430921
583,0.00275228,Organic Strawberries,Cheese,0.25847743,2.519733
584,0.00255202,Eggs,Chips,0.28735864,2.15136916
585,0.00538679,Yogurt,Chips,0.2889206,2.16306304
586,0.00280728,Organic Baby Spinach,Yogurt,0.25318094,2.05368885
587,0.00306104,Organic Hass Avocado,Yogurt,0.26390249,2.14065723
588,0.00229735,Organic Raspberries,Yogurt,0.31497418,2.55492763
589,0.00412394,Organic Strawberries,Yogurt,0.30038536,2.43658973
590,0.00434721,Eggs,Yogurt,0.2916558,2.36577953
591,0.00226148,Organic Baby Spinach,Yogurt,0.31333085,2.54159765
592,0.00247669,Organic Hass Avocado,Yogurt,0.31644071,2.56682344
593,0.00365078,Organic Strawberries,Yogurt,0.34142114,2.76945338
594,0.00351238,Eggs,Yogurt,0.25625313,2.07860914
595,0.00376675,Organic Hass Avocado,Yogurt,0.27094083,2.19774908
596,0.0030742,Eggs,Yogurt,0.32777742,2.65878171
597,0.00468467,Organic Strawberries,Yogurt,0.31754361,2.57576966
598,0.00232784,Organic Avocado,Yogurt,0.30971129,2.5122374
599,0.00274899,Organic Hass Avocado,Yogurt,0.25366836,2.0576426
600,0.003507,Organic Strawberries,Yogurt,0.29399384,2.38474458
601,0.00252003,Organic Hass Avocado,Yogurt,0.31358328,2.54364524
602,0.00397299,Organic Hass Avocado,Yogurt,0.31304757,2.53929986
603,0.00335755,Organic Strawberries,Yogurt,0.31532113,2.55774192
604,0.00231289,Bread,Cheese,0.40103654,2.91227229
605,0.00271581,Bag of Organic Bananas,Cheese,0.38522853,2.79747668
606,0.00219632,Bread,Cheese,0.37231455,2.70369718
607,0.00229885,Bread,Cheese,0.39449118,2.86474079
608,0.00482486,Cheese,Yogurt,0.36154725,2.9327072
609,0.002503,Bag of Organic Bananas,Yogurt,0.35504113,2.87993249
610,0.00219632,Bread,Yogurt,0.37689783,3.05722412
611,0.00220708,Cereal,Yogurt,0.40712356,3.30240156
612,0.00288619,Cheese,Yogurt,0.33186692,2.69195387
613,0.0027188,Cheese,Yogurt,0.37364443,3.03083405
614,0.00339013,Cheese,Yogurt,0.3568799,2.89484776
615,0.00296241,Cheese,Yogurt,0.36079359,2.92659389
616,0.00220977,Cheese,Yogurt,0.39106057,3.17210584
617,0.00324098,Cheese,Yogurt,0.38046949,3.08619584
618,0.00249911,Cereal,Cheese,0.41460875,3.01083182
619,0.00278785,Bread,Cheese,0.37738216,2.74049742
620,0.002312,Bread,Cheese,0.31296783,3.05092547
621,0.00248715,Bread,Cheese,0.4160292,3.02114694
622,0.00313099,Bread,Cheese,0.37237824,2.7041597
623,0.00245517,Bread,Cheese,0.29200142,2.84653719
624,0.00562771,Cheese,Yogurt,0.31763813,2.57653634
625,0.00226507,Bread,Yogurt,0.30661542,2.48712511
626,0.00265035,Bread,Yogurt,0.31521507,2.55688162
627,0.00340239,Cereal,Yogurt,0.37095092,3.00898554
628,0.00375121,Cheese,Yogurt,0.30864957,2.50362521
629,0.00347532,Cheese,Yogurt,0.33238044,2.69611925
630,0.00385194,Cheese,Yogurt,0.31911943,2.58855201
631,0.00247849,Cheese,Yogurt,0.34056185,2.7624832
632,0.00227284,Cheese,Yogurt,0.34802508,2.82302152
633,0.00315699,Cheese,Yogurt,0.38480035,3.12132581
634,0.00270386,Cereal,Cheese,0.45352452,3.29343279
635,0.00255172,Cereal,Cheese,0.47278064,3.43326811
636,0.00247281,Cereal,Cheese,0.45905005,3.33355846
637,0.00455525,Cereal,Yogurt,0.34881326,2.82941484
638,0.00311216,Bread,Cheese,0.43003469,3.12285292
639,0.00246563,Bread,Cheese,0.34069883,3.32125739
640,0.00310558,Bread,Cheese,0.41438998,3.00924317
641,0.00224833,Bread,Cheese,0.30000399,2.92454914
642,0.00534734,Cheese,Yogurt,0.289426,2.34769238
643,0.00269937,Bread,Cheese,0.46431877,3.37181915
644,0.00485983,Cheese,Yogurt,0.31732927,2.57403106
645,0.00577297,Cheese,Yogurt,0.31442712,2.55049007
646,0.0026372,Cheese,Yogurt,0.35232809,2.85792556
647,0.0030736,Cheese,Yogurt,0.36464539,2.95783792
648,0.00237566,Cheese,Yogurt,0.40692197,3.30076639
649,0.00419179,Cheese,Yogurt,0.39095648,3.17126157
650,0.00224086,Bread,Yogurt,0.30963985,2.51165793
651,0.00227165,Bread,Yogurt,0.3031149,2.45873055
652,0.00311843,Cereal,Yogurt,0.33207079,2.69360753
653,0.00309034,Cereal,Yogurt,0.36034435,2.92294981
654,0.00272627,Cereal,Yogurt,0.36279384,2.94281901
655,0.00372281,Cheese,Yogurt,0.29003563,2.3526374
656,0.0032915,Cheese,Yogurt,0.29263885,2.37375356
657,0.0026366,Cheese,Yogurt,0.36858599,2.98980231
658,0.00300814,Cheese,Yogurt,0.333234,2.70304297
659,0.00249851,Cheese,Yogurt,0.39505648,3.20451886
660,0.00220888,Cheese,Yogurt,0.35005447,2.83948303
661,0.00278008,Cheese,Yogurt,0.38483181,3.12158099
662,0.00243096,Cheese,Yogurt,0.39240567,3.18301675
